{"has_child":1,"home_url":"http:\/\/localhost\/ballard","child_file":{"localhost_ballard_wpvivid-5fd763658296e_2020-12-14-13-06_backup_plugin.zip":{"file_type":"plugin","plugin":{"easy-appointments":{"slug":"easy-appointments","size":9150376},"elementor":{"slug":"elementor","size":17929657},"header-footer-elementor":{"slug":"header-footer-elementor","size":760329},"smart-slider-3":{"slug":"smart-slider-3","size":11146071},"astra-sites":{"slug":"astra-sites","size":2373563},"wpforms-lite":{"slug":"wpforms-lite","size":14248981}},"root_flag":"wp-content","file":"localhost_ballard_wpvivid-5fd763658296e_2020-12-14-13-06_backup_plugin.zip","php_version":"7.4.11","mysql_version":"5.5.5"},"localhost_ballard_wpvivid-5fd763658296e_2020-12-14-13-06_backup_core.zip":{"include_path":["wp-includes","wp-admin"],"wp_core":1,"home_url":"http:\/\/localhost\/ballard","file_type":"wp-core","root_flag":"root","file":"localhost_ballard_wpvivid-5fd763658296e_2020-12-14-13-06_backup_core.zip","php_version":"7.4.11","mysql_version":"5.5.5"},"localhost_ballard_wpvivid-5fd763658296e_2020-12-14-13-06_backup_uploads.zip":{"file_type":"upload","root_flag":"wp-content","file":"localhost_ballard_wpvivid-5fd763658296e_2020-12-14-13-06_backup_uploads.zip","php_version":"7.4.11","mysql_version":"5.5.5"},"localhost_ballard_wpvivid-5fd763658296e_2020-12-14-13-06_backup_db.zip":{"dump_db":1,"home_url":"http:\/\/localhost\/ballard","file_type":"databases","root_flag":"custom","file":"localhost_ballard_wpvivid-5fd763658296e_2020-12-14-13-06_backup_db.zip","php_version":"7.4.11","mysql_version":"5.5.5"},"localhost_ballard_wpvivid-5fd763658296e_2020-12-14-13-06_backup_themes.zip":{"file_type":"themes","themes":{"astra":{"slug":"astra","size":5352524},"twentytwenty":{"slug":"twentytwenty","size":1798649}},"root_flag":"wp-content","file":"localhost_ballard_wpvivid-5fd763658296e_2020-12-14-13-06_backup_themes.zip","php_version":"7.4.11","mysql_version":"5.5.5"},"localhost_ballard_wpvivid-5fd763658296e_2020-12-14-13-06_backup_content.zip":{"file_type":"wp-content","root_flag":"root","file":"localhost_ballard_wpvivid-5fd763658296e_2020-12-14-13-06_backup_content.zip","php_version":"7.4.11","mysql_version":"5.5.5"}},"root_flag":"custom","file":"localhost_ballard_wpvivid-5fd763658296e_2020-12-14-13-06_backup_all.zip","php_version":"7.4.11","mysql_version":"5.5.5"}